{
    "model_info": {
        "input_shape": [
            28,
            28,
            1
        ],
        "output_shape": [
            36
        ],
        "total_layers": 19
    },
    "performance": {
        "validation_loss": 0.7760868072509766,
        "validation_accuracy": 0.9705746173858643
    },
    "training_history": {
        "accuracy": [
            0.762030303478241,
            0.9071395397186279,
            0.927497386932373,
            0.9349867105484009,
            0.9389033317565918,
            0.9412388801574707,
            0.943505048751831,
            0.9443288445472717,
            0.945297122001648,
            0.9463637471199036,
            0.9470863938331604,
            0.947230875492096,
            0.9479650855064392,
            0.9484622478485107,
            0.9493380784988403,
            0.9494884014129639,
            0.9494710564613342,
            0.9498727917671204,
            0.9505058526992798,
            0.9517516493797302,
            0.952361524105072,
            0.9530321359634399,
            0.9531477689743042,
            0.9529569745063782,
            0.953139066696167,
            0.9534136652946472,
            0.9537460803985596,
            0.953572690486908,
            0.9543126225471497,
            0.9545467495918274,
            0.9555006623268127,
            0.9549369812011719,
            0.9550150036811829,
            0.9554948806762695,
            0.9553242921829224,
            0.95604407787323,
            0.9557116627693176,
            0.9555382132530212,
            0.9555526375770569,
            0.9560382962226868,
            0.9557954668998718,
            0.9558359384536743,
            0.9559833407402039,
            0.9563244581222534,
            0.9554717540740967,
            0.9561365246772766,
            0.956119179725647,
            0.9560093879699707,
            0.9562926292419434,
            0.9563706517219543
        ],
        "val_accuracy": [
            0.9510116577148438,
            0.9599722623825073,
            0.9626662135124207,
            0.9652560949325562,
            0.965522050857544,
            0.9664932489395142,
            0.966435432434082,
            0.9671522974967957,
            0.9668747782707214,
            0.9676494598388672,
            0.96710604429245,
            0.9670829176902771,
            0.9685397148132324,
            0.968690037727356,
            0.9666666388511658,
            0.9675569534301758,
            0.9684125185012817,
            0.9673603773117065,
            0.9678112864494324,
            0.9689443707466125,
            0.9688518643379211,
            0.9687247276306152,
            0.969383716583252,
            0.9696612358093262,
            0.9690831303596497,
            0.9696149826049805,
            0.9691062569618225,
            0.9695918560028076,
            0.970112144947052,
            0.970458984375,
            0.9702624678611755,
            0.9703781008720398,
            0.9702046513557434,
            0.9705630540847778,
            0.9702277779579163,
            0.9703087210655212,
            0.9704359173774719,
            0.9703896641731262,
            0.9702855944633484,
            0.9704936742782593,
            0.9705746173858643,
            0.9704821109771729,
            0.9704243540763855,
            0.9704359173774719,
            0.9704127907752991,
            0.9705630540847778,
            0.9705168008804321,
            0.9705052375793457,
            0.9703896641731262,
            0.9704243540763855
        ],
        "loss": [
            1.501681923866272,
            1.0698723793029785,
            0.99346923828125,
            0.9597602486610413,
            0.9404682517051697,
            0.9282515645027161,
            0.9175916910171509,
            0.9119862914085388,
            0.9058377146720886,
            0.9018175005912781,
            0.8976154327392578,
            0.8947837948799133,
            0.891964316368103,
            0.8888263702392578,
            0.8873422741889954,
            0.8855425715446472,
            0.8837877511978149,
            0.882575273513794,
            0.8804905414581299,
            0.8742450475692749,
            0.8716635704040527,
            0.8697953820228577,
            0.8688647150993347,
            0.8683001399040222,
            0.8675474524497986,
            0.8658509254455566,
            0.8658910393714905,
            0.8652823567390442,
            0.862063467502594,
            0.8609829545021057,
            0.8595969080924988,
            0.859145998954773,
            0.8591559529304504,
            0.8584697246551514,
            0.8582268357276917,
            0.8565360903739929,
            0.8561841249465942,
            0.8564145565032959,
            0.8561390042304993,
            0.8555957674980164,
            0.8557128310203552,
            0.8554186820983887,
            0.8552639484405518,
            0.8547453284263611,
            0.8553034663200378,
            0.855316162109375,
            0.8543089628219604,
            0.8548583984375,
            0.8538751602172852,
            0.8543622493743896
        ],
        "val_loss": [
            0.9137982726097107,
            0.876968264579773,
            0.8354845643043518,
            0.8494343757629395,
            0.8377063274383545,
            0.818474292755127,
            0.811061680316925,
            0.8136509656906128,
            0.8099743127822876,
            0.804486870765686,
            0.8011916875839233,
            0.7976388335227966,
            0.7978437542915344,
            0.7945803999900818,
            0.7934250831604004,
            0.7895439267158508,
            0.7930458784103394,
            0.7949822545051575,
            0.7922080755233765,
            0.7856420278549194,
            0.78836590051651,
            0.7836611270904541,
            0.7841973304748535,
            0.7864211201667786,
            0.7805427312850952,
            0.7828751802444458,
            0.7825164794921875,
            0.7824366688728333,
            0.779910147190094,
            0.7763452529907227,
            0.77840256690979,
            0.7786006927490234,
            0.7767719030380249,
            0.7769829630851746,
            0.7766203880310059,
            0.7774389386177063,
            0.7773905396461487,
            0.7767618298530579,
            0.7767422795295715,
            0.7760972380638123,
            0.7760868072509766,
            0.77656090259552,
            0.7761913537979126,
            0.7764461636543274,
            0.7761790752410889,
            0.7760056257247925,
            0.7762223482131958,
            0.7766063213348389,
            0.7760932445526123,
            0.7759622931480408
        ]
    },
    "label_mapping": {
        "0": "0",
        "1": "1",
        "2": "2",
        "3": "3",
        "4": "4",
        "5": "5",
        "6": "6",
        "7": "7",
        "8": "8",
        "9": "9",
        "10": "A",
        "11": "B",
        "12": "C",
        "13": "D",
        "14": "E",
        "15": "F",
        "16": "G",
        "17": "H",
        "18": "I",
        "19": "J",
        "20": "K",
        "21": "L",
        "22": "M",
        "23": "N",
        "24": "O",
        "25": "P",
        "26": "Q",
        "27": "R",
        "28": "S",
        "29": "T",
        "30": "U",
        "31": "V",
        "32": "W",
        "33": "X",
        "34": "Y",
        "35": "Z"
    }
}